splist,genus,species,CommonName,Family,ntrees,sg,evergreen,gymnosperm,shadetol,droughttol,watertol,desirability,stature_modeled,stature,adaptability_score,biological_score,disturbance_score,Deciduous_small,Deciduous_med,Deciduous_large,Conifer_small,Conifer_med,Conifer_large,lifespan cat.,Height_max_cat,Canopy Tree,polinated by wind,Pollinated by insect,Flowering Dates,Seedfall Begins,Seed Type,Seed Dispersal Distance_cat,Seed Dispersal_gravity,Seed Dispersal_animal,Seed Dispersal_bird,Seed Dispersal_wind,Seed Dispersal_water,Growth Habit,Active Growth Period,C:N Ratio,Coppice Potential,Fall Conspicuous,Fire Resistant,Flower Color,Flower Conspicuous,Foliage Color,Foliage Porosity Summer,Foliage Porosity Winter,Foliage Texture,Fruit/Seed Color,Fruit/Seed Conspicuous,Growth Form,Growth Rate,"Height at 20 Years, Maximum (feet)","Height, Mature (feet)",Known Allelopath,Nitrogen Fixation,Resprout Ability,Shape and Orientation,Adapted to Coarse Textured Soils,Adapted to Fine Textured Soils,Adapted to Medium Textured Soils,Anaerobic Tolerance,CaCO3 Tolerance,Cold Stratification Required,Fertility Requirement,Fire Tolerance,"Frost Free Days, Minimum",Hedge Tolerance,Moisture Use,"pH, Minimum","pH, Maximum","Planting Density per Acre, Minimum","Planting Density per Acre, Maximum","Precipitation, Minimum","Precipitation, Maximum","Root Depth, Minimum (inches)",Salinity Tolerance,"Temperature, Minimum (°F)",Bloom Period,Fruit/Seed Abundance,Fruit/Seed Period Begin,Fruit/Seed Period End,Fruit/Seed Persistence,Propagated by Bare Root,Propagated by Bulb,Propagated by Container,Propagated by Corm,Propagated by Cuttings,Propagated by Seed,Propagated by Sod,Propagated by Sprigs,Propagated by Tubers,Seed per Pound,Seed Spread Rate,Seedling Vigor,Vegetative Spread Rate,Fuelwood Product,Lumber Product,Palatable Browse Animal,Pulpwood Product,Veneer Product,pmCluster_k4,pmCluster_k5,pmCluster_k7
937,Sorbus,decora,northern mountain ash,Rosaceae,8,0.58,N,N,3,1.94,1.52,4,20.377051,20.377051,NA,NA,NA,No,Yes,No,No,No,No,1,1,no,No,No,4,10,berry,2,No,No,Yes,No,No,"TR, SH",4,3,No,Yes,No,White,Yes,Gray-Green,2,1,1,Red,Yes,Single Crown,1,60,40,No,1,No,Oval,No,Yes,No,2,2,Yes,2,3,88,2,1,4,7,320,1200,16,51,36,1,-50,4,4,3,3,Yes,No,No,No,No,No,Yes,No,No,No,15181,3,3,2,3,No,2,Yes,No,1,1,1
602,Juglans,nigra,black walnut,Juglandaceae,382,0.55,N,N,1.93,2.38,1.83,1,30.537433,30.537433,4,-0.83,0.35,No,No,Yes,No,No,No,2,3,yes,Yes,No,3,8,nut,1,Yes,Yes,No,No,No,TR,1,3,Yes,No,No,Yellow,No,Green,1,1,2,Brown,Yes,Single Stem,3,35,100,Yes,1,Yes,Erect,No,No,Yes,1,4,No,3,4,170,1,3,4.6,8.2,100,800,30,60,40,1,-28,3,2,3,3,No,Yes,No,Yes,No,Yes,Yes,No,No,No,40,2,3,1,3,Yes,1,No,Yes,2,2,2
105,Pinus,banksiana,jack pine,Pinaceae,171,0.43,Y,Y,1.36,4,1,2,28.442017,28.442017,5.2,-1.24,1.87,No,No,No,Yes,Yes,No,1,2,yes,Yes,No,3,13,winged,2,No,No,No,Yes,No,TR,2,3,No,No,No,Yellow,No,Yellow-Green,2,2,2,Brown,Yes,Single Stem,3,30,80,No,1,No,Erect,Yes,Yes,Yes,1,2,Yes,1,1,50,1,1,6,8.2,430,1200,15,35,20,2,-53,3,4,3,3,Yes,Yes,No,Yes,No,No,Yes,No,No,No,131040,2,3,1,2,Yes,1,Yes,No,3,3,3
601,Juglans,cinerea,butternut,Juglandaceae,283,0.38,N,N,1.88,2.38,1.27,2,26.969437,26.969437,2.3,-1.27,-1.41,Yes,Yes,No,No,No,No,1,1,yes,Yes,No,3,8,nut,1,Yes,Yes,No,No,No,TR,2,3,Yes,Yes,No,Green,No,Green,2,1,3,Brown,Yes,Single Stem,3,20,80,Yes,1,Yes,Erect,Yes,No,Yes,1,1,Yes,2,2,105,2,2,6,7,100,800,25,80,40,1,-33,3,3,3,4,Yes,Yes,No,Yes,No,No,Yes,No,No,No,30,2,3,1,3,Yes,1,Yes,Yes,2,2,4
12,Abies,balsamea,balsam fir,Pinaceae,169369,0.35,Y,Y,5.01,1,2,3,25.504082,25.504082,2.7,-0.35,-3,Yes,Yes,No,No,No,No,1,2,yes,Yes,No,3,8,winged,2,No,No,No,Yes,No,TR,2,3,No,No,No,Yellow,No,Green,3,3,2,Brown,No,Single Stem,1,18,60,No,1,No,Conical,Yes,Yes,Yes,1,2,Yes,2,2,80,2,2,4,6,300,1200,13,60,20,1,-43,5,3,3,3,No,Yes,No,Yes,No,No,Yes,No,No,No,59840,2,1,1,1,Yes,2,Yes,Yes,3,3,3
43,Chamaecyparis,thyoides,Atlantic white cedar,Cupressaceae,177,0.32,Y,Y,3.5,1,4.04,3,23.381234,23.381234,3,-1.21,-0.61,No,No,No,No,Yes,No,3,2,yes,Yes,No,2,10,berry-like cone,3,No,No,No,Yes,Yes,TR,2,3,No,No,No,Green,No,Green,3,3,2,Brown,No,Single Stem,2,20,50,No,1,No,Erect,Yes,No,Yes,4,1,Yes,2,3,140,3,1,3.5,6.3,300,1700,40,70,16,1,-36,2,4,3,3,Yes,Yes,No,Yes,No,No,Yes,No,No,No,460000,3,2,3,1,Yes,3,No,No,3,3,3
682,Morus,rubra,red mulberry,Moraceae,2,0.58,N,N,2.34,2.88,1.57,4,NA,23.398789,4.7,0.59,0.07,No,Yes,Yes,No,No,No,2,2,no,Yes,No,3,7,multiple druplets,2,Yes,No,No,No,No,TR,2,3,Yes,No,No,Green,No,Green,2,1,2,Purple,Yes,Single Stem,2,45,70,No,1,Yes,Rounded,Yes,Yes,Yes,3,3,Yes,1,2,140,2,2,5,7,170,600,35,60,24,1,-33,1,4,1,2,No,Yes,No,Yes,No,Yes,Yes,No,No,No,344667,2,3,1,1,Yes,1,No,Yes,2,2,2
681,Morus,alba,white mulberry,Moraceae,11,0.58,N,N,1.35,2.88,1.27,4,23.398789,23.398789,NA,NA,NA,No,Yes,No,No,No,No,2,1,no,No,No,1,2,berry,2,No,Yes,Yes,No,No,"TR, SH",2,3,Yes,No,No,Green,No,Green,2,1,2,Purple,Yes,Single Stem,2,30,50,No,1,Yes,Rounded,Yes,Yes,Yes,1,1,Yes,1,2,130,2,1,5,7,170,600,30,60,24,3,-18,1,4,1,2,No,Yes,No,Yes,No,Yes,Yes,No,No,No,235000,3,3,1,1,No,1,No,No,1,1,1
922,Salix,nigra,black willow,Salicaceae,636,0.39,N,N,1.34,1.77,4.68,3,23.594109,23.594109,2.8,-2.13,-0.31,No,No,Yes,No,No,No,1,3,yes,Yes,Yes,1,4,plumped,4,No,No,No,Yes,Yes,TR,2,2,Yes,No,No,yellow,No,Green,2,1,2,Brown,No,Multiple Stem,3,50,100,No,1,Yes,Erect,Yes,Yes,Yes,4,2,No,2,2,120,1,3,4.8,8,300,1200,18,80,32,3,-58,1,4,1,2,No,Yes,No,Yes,No,Yes,No,No,No,No,2500000,2,1,2,1,No,1,Yes,No,4,4,5
927,Salix,alba,white willow,Salicaceae,32,0.39,N,N,1.99,2,4.1,4,20.775471,20.775471,NA,NA,NA,No,Yes,No,No,No,No,2,2,yes,No,No,1,2,plumped,3,No,No,No,Yes,Yes,TR,2,3,Yes,No,No,Yellow,No,Green,2,1,2,White,No,Single Stem,3,45,70,Yes,1,Yes,Erect,Yes,Yes,Yes,4,2,No,2,4,100,2,3,4.5,7.8,300,300,20,90,24,3,-33,1,3,1,1,No,Yes,No,Yes,No,Yes,No,No,No,No,2500000,2,1,2,1,No,2,No,No,4,4,5
929,Salix,sepulcralis,weeping willow,Salicaceae,10,0.39,N,N,1.5,1.64,3.8,4,NA,22.601383,NA,NA,NA,No,Yes,No,No,No,No,1,2,yes,No,No,1,2,plumped,3,No,No,No,Yes,Yes,TR,2,3,Yes,No,No,Yellow,No,Green,3,2,2,White,No,Single Stem,3,45,70,No,1,Yes,Erect,Yes,Yes,Yes,4,2,No,2,4,100,2,3,4.5,7.5,170,300,30,90,24,1,-23,1,4,1,1,No,Yes,No,Yes,No,Yes,No,No,No,No,2500000,2,1,2,1,No,1,No,No,4,4,5
837,Quercus,velutina,black oak,Fagaceae,4697,0.61,N,N,2.72,3,1.07,2,26.554292,26.554292,4.9,0.42,0.51,No,Yes,Yes,No,No,No,2,2,yes,Yes,No,3,8,acorn,1,Yes,Yes,Yes,No,No,TR,2,3,Yes,Yes,No,Yellow,No,Green,2,1,2,Brown,Yes,Single Stem,2,25,80,No,1,Yes,Erect,Yes,Yes,Yes,2,2,Yes,2,3,140,1,2,4.5,6.5,300,1200,30,80,40,1,-30,1,4,1,3,No,Yes,No,Yes,No,No,Yes,No,No,No,245,2,2,1,3,Yes,2,No,Yes,2,2,4
972,Ulmus,americana,American elm,Ulmaceae,6848,0.5,N,N,3.14,2.92,2.46,3,24.694053,20.377051,4,0.3,-0.8,No,No,Yes,No,No,No,2,3,yes,Yes,No,1,3,winged,3,No,No,Yes,Yes,Yes,TR,2,3,Yes,Yes,No,Green,No,Green,3,1,3,Brown,No,Single Stem,3,50,120,No,1,Yes,Erect,Yes,Yes,Yes,2,3,Yes,2,2,80,1,3,5,8,300,800,15,70,42,2,-46,1,4,1,1,No,Yes,No,Yes,No,Yes,Yes,No,No,No,70900,4,2,2,2,Yes,1,Yes,No,4,5,6
316,Acer,rubrum,red maple,Aceraceae,153276,0.54,N,N,3.44,1.84,3.08,2,25.159543,25.159543,8.5,3,3,No,Yes,No,No,No,No,1,2,yes,Yes,No,1,4,winged,3,No,No,No,Yes,No,TR,2,3,Yes,Yes,No,Red,Yes,Green,3,1,2,Red,Yes,Single Stem,3,35,68,No,1,Yes,Rounded,Yes,Yes,Yes,3,4,No,2,2,80,2,3,4.7,7.3,170,1200,25,80,30,1,-47,1,4,1,1,No,Yes,No,Yes,No,No,Yes,No,No,No,22720,3,2,1,2,Yes,2,Yes,Yes,4,4,5
491,Cornus,florida,flowering dogwood,Cornaceae,126,0.73,N,N,4.87,2.92,1.1,4,17.661939,17.661939,5,0.95,0.07,Yes,No,No,No,No,No,1,1,no,No,Yes,3,8,drupe,2,Yes,Yes,Yes,No,No,"TR, SH",2,3,No,Yes,No,White,Yes,Green,1,1,2,Red,Yes,Multiple Stem,2,20,30,No,1,Yes,Erect,Yes,No,Yes,1,2,Yes,2,3,160,2,1,4.8,7.7,1200,2700,28,80,18,1,-28,1,3,1,3,Yes,Yes,No,Yes,No,Yes,Yes,No,No,No,4480,2,2,1,1,No,2,No,No,1,1,1
921,Salix,amygdaloides,peachleaf willow,Salicaceae,17,0.39,N,N,1.17,1.77,3.43,4,NA,22.601383,3.4,-1.65,0.13,No,Yes,No,No,No,No,1,2,yes,Yes,Yes,1,4,plumped,4,No,No,No,Yes,Yes,"TR, SH",2,2,No,No,No,White,No,Green,3,1,2,Red,No,Multiple Stem,3,45,60,No,1,Yes,Irregular,Yes,No,Yes,3,3,Yes,2,4,130,2,3,6,8,170,700,24,60,30,1,-33,3,4,1,1,No,Yes,No,Yes,No,Yes,No,No,No,No,2600000,3,1,1,1,No,2,No,No,4,4,5
741,Populus,balsamifera,balsam poplar,Salicaceae,2139,0.34,N,N,1.27,1.77,2.63,3,25.462642,25.462642,4,-0.59,0.13,No,Yes,Yes,No,No,No,2,2,yes,Yes,No,3,7,plumped,3,No,No,No,Yes,Yes,TR,2,3,Yes,No,Yes,Yellow,No,Yellow-Green,2,1,2,Brown,No,Single Stem,3,35,80,No,1,Yes,Irregular,Yes,Yes,Yes,3,4,No,2,4,75,1,3,4.5,7,300,800,6,70,30,1,-79,3,4,1,2,No,Yes,No,Yes,No,Yes,Yes,No,No,No,1890359,3,2,3,1,Yes,2,Yes,No,4,4,5
544,Fraxinus,pennsylvanica,green ash,Oleaceae,3836,0.56,N,N,3.11,3.85,2.98,2,27.503858,27.503858,4,-0.25,-0.13,No,Yes,No,No,No,No,1,1,yes,Yes,No,3,8,winged,3,No,No,No,Yes,Yes,TR,2,3,Yes,Yes,No,Green,No,Yellow-Green,3,2,3,Brown,No,Single Crown,3,35,80,No,1,Yes,Erect,Yes,Yes,Yes,3,4,Yes,2,3,120,3,2,4.7,8.1,300,800,15,71,40,2,-47,3,4,1,2,No,Yes,No,Yes,No,No,Yes,No,No,No,14320,3,2,1,3,Yes,2,No,No,4,5,6
552,Gleditsia,triacanthos,honeylocust,Caesalpiniaceae/Leguminosae,16,0.65,N,N,1.61,4.98,2.69,3,24.73238,24.73238,5.5,-0.54,1.91,No,No,Yes,No,No,No,2,3,yes,No,Yes,3,8,pod,1,Yes,No,No,No,No,"TR, SH",2,2,Yes,Yes,No,Yellow,No,Green,3,2,2,Green,Yes,Single Crown,3,35,70,No,1,Yes,Rounded,No,Yes,Yes,1,3,No,2,3,150,2,2,4.8,8,170,700,20,70,48,3,-36,3,4,1,3,Yes,Yes,No,Yes,No,Yes,Yes,No,No,No,2800,2,2,1,3,Yes,2,No,No,2,2,4
975,Ulmus,rubra,slippery elm,Ulmaceae,148,0.53,N,N,3.31,3,1.73,4,25.67961,20.377051,4.8,0.68,0.03,No,Yes,No,No,No,No,2,2,yes,Yes,No,1,3,winged,2,Yes,No,No,Yes,No,TR,2,3,Yes,No,No,Yellow,No,Green,2,1,3,Brown,No,Single Stem,3,45,85,No,1,Yes,Erect,Yes,Yes,Yes,2,2,Yes,2,2,90,1,3,5,7.5,300,800,21,83,40,1,-43,6,4,1,1,No,Yes,No,Yes,No,No,Yes,No,No,No,41000,3,3,1,1,Yes,1,Yes,No,4,4,5
367,Asimina,triloba,pawpaw,Annonaceae,2,0.58,N,N,3.95,2,1.37,4,NA,11,3.7,-0.32,-0.48,Yes,No,No,No,No,No,1,1,no,No,Yes,2,8,fruit,2,Yes,Yes,No,No,No,"TR, SH",2,3,Yes,Yes,No,Purple,No,Dark Green,2,1,3,Brown,No,Single Stem,1,25,25,No,1,Yes,Erect,Yes,No,Yes,2,3,Yes,3,3,160,2,2,4.7,7.2,3400,4800,36,80,20,1,-27,2,3,1,2,Yes,Yes,No,Yes,No,No,Yes,No,No,No,697,2,2,1,1,No,1,No,No,1,1,7
651,Magnolia,acuminata,cucumber tree,Magnoliaceae,59,0.48,N,N,3.03,1.27,1.52,3,26.580809,26.580809,3.6,-1.05,0.03,No,No,Yes,No,No,No,2,2,yes,No,Yes,3,2,follicle,1,No,Yes,No,No,No,TR,2,3,No,Yes,No,Yellow,Yes,Green,3,1,3,Red,Yes,Single Stem,3,40,100,No,1,Yes,Irregular,Yes,No,Yes,2,2,Yes,3,1,160,1,3,5.2,7,300,800,35,60,30,1,-16,2,3,1,2,No,Yes,No,Yes,No,No,Yes,No,No,No,5450,2,3,1,1,Yes,1,No,No,2,2,2
744,Populus,heterophylla,swamp cottonwood,Pinaceae,2,0.39,N,N,1.24,2,4,3,NA,28.162039,NA,NA,NA,No,No,Yes,No,No,No,1,2,yes,No,No,2,2,plumped,3,No,No,No,Yes,Yes,TR,2,3,No,No,No,White,No,Green,2,1,3,White,No,Single Stem,2,50,100,No,1,Yes,Erect,No,Yes,Yes,4,2,No,2,3,180,1,3,4.6,5.9,300,1200,35,60,24,1,-23,2,4,1,2,No,Yes,No,Yes,No,No,Yes,No,No,No,152000,2,3,1,1,No,2,Yes,Yes,4,4,5
746,Populus,tremuloides,quaking aspen,Salicaceae,22351,0.38,N,N,1.21,1.77,1.77,3,27.596517,27.596517,4.7,0.01,0.56,No,Yes,Yes,No,No,No,1,2,yes,Yes,No,1,3,plumped,4,No,No,No,Yes,No,TR,2,2,Yes,No,Yes,Blue,No,Green,3,1,2,White,No,Single Stem,3,40,65,No,1,Yes,Rounded,Yes,Yes,Yes,2,4,No,2,4,70,2,3,4.3,9,300,1200,7,60,32,3,-70,2,4,1,2,No,Yes,No,Yes,No,Yes,Yes,No,No,No,3248000,3,1,3,1,Yes,3,Yes,Yes,4,4,5
743,Populus,grandidentata,bigtooth aspen,Salicaceae,8695,0.39,N,N,1.21,2.5,2,3,26.665078,26.665078,5.1,0.16,1.01,No,Yes,No,No,No,No,1,2,yes,Yes,No,1,3,plumped,4,No,No,No,Yes,Yes,TR,2,2,Yes,No,No,Yellow,No,Green,2,1,2,Brown,No,Single Stem,3,40,65,No,1,Yes,Erect,Yes,No,Yes,2,3,No,2,4,90,1,3,4.8,7.2,300,800,20,70,20,3,-43,2,4,1,1,No,Yes,No,Yes,No,No,Yes,No,No,No,3000000,3,2,2,1,Yes,2,Yes,Yes,4,4,5
357,Amelanchier,arborea,common serviceberry,Rosaceae,2425,0.79,N,N,4.33,2.38,3.5,4,22.196817,22.196817,4.8,0.98,-0.38,Yes,No,No,No,No,No,2,1,no,No,No,2,2,berry,2,No,Yes,Yes,No,No,"TR, SH",2,2,No,Yes,No,White,Yes,Dark Green,3,1,1,Red,Yes,Single Stem,1,25,36,No,1,Yes,Erect,Yes,No,Yes,3,1,Yes,2,3,120,2,2,4.8,7.5,700,1700,26,80,20,2,-47,2,3,1,2,No,Yes,No,Yes,No,Yes,Yes,No,No,No,79832,3,1,1,3,No,1,Yes,No,1,1,1
373,Betula,nigra,river birch,Betulaceae,33,0.56,N,N,1.45,1.53,2.85,3,24.756955,24.756955,3.7,-0.32,-0.45,No,Yes,No,No,No,No,1,2,yes,Yes,No,2,4,winged,3,No,No,No,Yes,No,TR,2,2,Yes,No,No,Brown,No,Green,2,1,2,Brown,No,Multiple Stem,3,35,70,No,1,Yes,Erect,Yes,Yes,Yes,3,1,No,2,3,150,1,3,3,6.5,300,700,30,80,20,1,-31,2,4,1,1,No,Yes,No,Yes,No,Yes,Yes,No,No,No,374400,4,3,2,1,No,2,Yes,Yes,4,4,5
977,Ulmus,thomasii,rock elm,Ulmaceae,5,0.63,N,N,3.22,2,1,3,28.602861,20.377051,2.8,-2.61,-0.2,No,Yes,Yes,No,No,No,3,3,yes,Yes,No,2,3,winged,3,No,Yes,Yes,Yes,No,TR,2,2,No,No,No,Yellow,No,Green,3,1,3,Brown,No,Single Stem,2,12,90,No,1,Yes,Erect,Yes,Yes,Yes,1,3,No,2,3,120,1,3,4.5,7.2,300,800,22,60,40,1,-46,2,3,1,1,No,Yes,No,Yes,No,Yes,Yes,No,No,No,7000,2,1,1,2,Yes,1,No,Yes,2,5,6
832,Quercus,prinus,chestnut oak,Fagaceae,2785,0.66,N,N,2.85,3.5,1,2,25.70959,25.70959,6.1,1.29,1.39,No,Yes,No,No,No,No,3,2,yes,Yes,No,3,8,acorn,1,Yes,Yes,Yes,No,No,TR,2,3,Yes,Yes,No,Yellow,No,Green,2,1,3,Brown,No,Single Stem,2,40,100,No,1,Yes,Erect,Yes,No,Yes,1,3,Yes,2,2,120,3,2,4.5,6.5,300,800,32,80,36,1,-30,2,3,1,3,No,Yes,No,Yes,No,No,Yes,No,No,No,100,2,2,1,3,Yes,1,No,Yes,2,2,4
974,Ulmus,pumila,Siberian elm,Ulmaceae,2,0.59,N,N,2.5,3.35,1.52,5,19.005477,20.377051,NA,NA,NA,No,Yes,Yes,No,No,No,1,2,yes,No,No,2,2,winged,3,No,Yes,No,Yes,Yes,"TR, SH",2,3,No,No,No,Green,No,Green,3,1,2,Brown,No,Single Stem,3,40,70,No,1,Yes,Erect,Yes,Yes,Yes,1,2,Yes,2,2,90,3,2,5.5,8,300,800,16,50,24,3,-38,2,4,1,1,No,Yes,No,Yes,No,No,Yes,No,No,No,64960,3,3,1,2,No,1,No,No,4,5,6
742,Populus,deltoides,eastern cottonwood,Salicaceae,537,0.4,N,N,1.76,1.57,3.03,3,32.923919,32.923919,3.9,-0.75,0.22,No,No,Yes,No,No,No,1,3,yes,Yes,No,1,4,plumped,4,No,No,No,Yes,Yes,TR,2,3,Yes,No,No,Yellow,No,Green,3,1,2,White,Yes,Single Stem,3,80,190,No,1,Yes,Erect,Yes,Yes,Yes,4,3,No,2,3,100,2,3,4.6,6.5,170,800,18,55,24,3,-43,2,4,1,1,No,Yes,No,Yes,No,Yes,Yes,No,No,No,425000,4,3,2,1,Yes,2,Yes,No,4,4,5
317,Acer,saccharinum,silver maple,Aceraceae,1535,0.47,N,N,3.6,2.88,3.37,3,25.916732,25.916732,5.6,1.63,0.13,No,No,Yes,No,No,No,2,3,yes,Yes,No,1,3,winged,2,No,No,No,Yes,Yes,TR,2,3,Yes,Yes,No,Yellow,Yes,Green,3,1,2,Brown,Yes,Single Stem,3,45,90,No,1,Yes,Rounded,Yes,Yes,Yes,4,3,No,1,2,120,1,2,4,7.3,170,700,20,70,32,2,-47,1,4,2,3,No,Yes,No,Yes,No,Yes,Yes,No,No,No,1610,2,1,1,2,Yes,1,No,Yes,4,5,6
835,Quercus,stellata,post oak,Fagaceae,43,0.67,N,N,2.16,4.5,1.5,3,23.373965,23.373965,5.7,-0.59,2.17,No,Yes,No,No,No,No,3,1,yes,Yes,No,3,8,acorn,1,Yes,Yes,Yes,No,No,TR,2,3,Yes,Yes,No,Yellow,No,Green,3,1,3,Brown,No,Single Stem,1,25,60,No,1,Yes,Erect,Yes,No,Yes,2,3,No,2,3,165,1,2,4.8,6.5,300,800,22,80,36,1,-33,1,3,2,3,No,Yes,No,Yes,No,No,Yes,No,No,No,380,2,2,1,3,Yes,1,Yes,Yes,2,2,4
543,Fraxinus,nigra,black ash,Oleaceae,4933,0.49,N,N,2.96,2,3.5,2,23.111637,23.111637,1.7,-3,-1.31,No,Yes,No,No,No,No,2,2,yes,Yes,No,3,8,winged,3,No,No,No,Yes,No,TR,2,2,No,No,No,White,No,Green,3,1,3,Brown,No,Single Stem,1,20,65,No,1,Yes,Erect,Yes,No,Yes,3,3,Yes,2,3,80,1,3,4.4,8.2,300,800,20,50,40,1,-47,1,2,2,2,No,Yes,No,Yes,No,No,Yes,No,No,No,9730,2,1,1,3,Yes,2,No,Yes,4,5,6
804,Quercus,bicolor,swamp white oak,Fagaceae,510,0.72,N,N,2.98,3.35,2.58,2,26.457262,26.457262,4.9,-0.3,1.04,No,Yes,No,No,No,No,3,2,yes,Yes,No,3,8,nut,2,Yes,Yes,Yes,No,No,TR,2,3,Yes,Yes,No,Yellow,No,Green,3,1,2,Brown,Yes,Single Stem,3,30,100,No,1,Yes,Erect,Yes,Yes,Yes,3,2,No,2,3,120,1,3,4.3,6.5,300,800,36,48,40,1,-28,1,3,2,3,No,Yes,No,Yes,No,No,Yes,No,No,No,120,2,3,1,3,Yes,2,No,Yes,2,2,4
313,Acer,negundo,boxelder,Aceraceae,675,0.46,N,N,3.47,3.03,2.75,3,21.266942,21.266942,7.4,2.06,2.39,Yes,Yes,No,No,No,No,1,1,no,Yes,No,3,8,winged,3,No,No,No,Yes,No,TR,2,3,Yes,Yes,No,White,No,Green,3,1,3,Brown,Yes,Multiple Stem,3,35,60,No,1,Yes,Erect,Yes,Yes,Yes,3,4,Yes,2,2,100,1,2,5,7.8,300,1200,15,75,40,3,-46,1,4,2,3,No,Yes,No,Yes,No,Yes,Yes,No,No,No,11360,2,1,2,1,No,1,Yes,No,4,5,7
320,Acer,platanoides,Norway maple,Aceraceae,231,0.52,N,N,4.2,2.73,1.46,4,20.934963,20.934963,NA,NA,NA,No,No,Yes,No,No,No,2,1,no,No,No,1,7,winged,3,No,No,No,Yes,No,TR,2,3,Yes,Yes,No,Green,No,Green,3,2,2,Brown,Yes,Single Stem,3,25,50,No,1,Yes,Rounded,No,No,Yes,1,3,Yes,2,2,130,3,2,4.8,7.2,170,700,32,50,40,3,-28,1,4,2,3,No,Yes,No,Yes,No,No,Yes,No,No,No,2640,2,1,1,2,Yes,1,No,Yes,2,5,6
935,Sorbus,americana,American mountain ash,Rosaceae,1253,0.58,N,N,2.59,1.77,1.27,4,18.205755,18.205755,3.1,-1.62,-0.23,Yes,No,No,No,No,No,2,1,no,No,No,2,7,berry,2,Yes,No,Yes,No,No,"TR, SH",2,3,No,Yes,No,White,Yes,Green,2,1,1,Orange,Yes,Single Stem,2,30,40,No,1,Yes,Erect,Yes,Yes,Yes,2,2,Yes,2,2,90,1,2,5.3,6.8,300,1200,24,60,28,1,-38,4,4,2,3,Yes,Yes,No,Yes,No,No,Yes,No,No,No,160000,2,2,1,2,No,3,No,No,1,1,1
421,Castanea,dentata,American chestnut,Fagaceae,154,0.43,N,N,3.06,3,1,4,19.741836,19.741836,4.5,0.3,0.13,No,Yes,Yes,No,No,No,3,2,yes,Yes,No,4,8,nut,1,Yes,Yes,No,No,No,TR,1,1,Yes,Yes,No,White,No,Yellow-Green,3,1,3,Brown,Yes,Single Stem,3,35,115,No,1,Yes,Erect,No,No,Yes,1,1,Yes,2,1,150,1,2,5.5,6.5,170,300,35,60,20,1,-33,4,3,2,3,Yes,Yes,No,Yes,No,No,Yes,No,No,No,100,1,3,1,3,Yes,1,Yes,Yes,2,2,4
94,Picea,glauca,white spruce,Pinaceae,9991,0.4,Y,Y,4.15,2.88,1.02,2,27.566779,27.566779,3.9,-0.62,0.07,No,No,No,No,Yes,Yes,2,2,yes,Yes,No,3,8,winged,4,No,No,No,Yes,No,TR,3,3,No,No,No,Yellow,No,Green,3,3,2,Brown,No,Single Stem,1,30,100,No,1,No,Conical,Yes,Yes,Yes,1,2,Yes,3,2,60,2,2,4,8.2,300,700,7,50,30,3,-65,3,2,2,2,No,Yes,No,Yes,No,Yes,Yes,No,No,No,186400,2,1,2,2,Yes,1,Yes,No,3,3,3
68,Juniperus,virginiana,eastern red cedar,Cupressaceae,1509,0.47,Y,Y,1.28,4.65,1.19,3,19.637105,19.637105,3.9,-1.48,0.56,No,No,No,Yes,Yes,No,2,1,no,Yes,No,1,1,berry-like cone,2,Yes,No,Yes,No,No,TR,2,3,No,No,No,Green,No,Green,3,3,2,White,Yes,Single Stem,1,25,50,Yes,1,Yes,Conical,Yes,Yes,Yes,2,4,Yes,1,2,140,3,1,4.7,8,300,1200,15,68,20,2,-43,3,3,2,3,Yes,Yes,No,Yes,No,Yes,Yes,No,No,No,43600,4,1,1,2,No,1,No,Yes,3,3,3
341,Ailanthus,altissima,tree of heaven,Simaroubaceae,196,0.53,N,N,2.44,2.96,1.52,5,25.137416,25.137416,NA,NA,NA,No,No,Yes,No,No,No,1,1,no,No,No,3,7,winged,4,No,No,No,Yes,Yes,TR,2,2,Yes,No,No,Green,Yes,Green,2,2,3,Yellow,Yes,Single Stem,3,50,55,Yes,1,Yes,Rounded,Yes,Yes,Yes,3,4,Yes,1,3,150,2,2,4.1,7.9,300,1200,14,90,30,3,-18,3,4,2,3,Yes,Yes,No,Yes,No,Yes,Yes,No,No,No,14640,4,3,4,1,Yes,2,No,Yes,4,5,6
931,Sassafras,albidum,sassafras,Lauraceae,502,0.46,N,N,1.68,5,1.11,3,27.369628,27.369628,4.2,-0.64,0.48,Yes,Yes,No,No,No,No,2,1,yes,No,Yes,1,7,drupe,2,Yes,No,Yes,No,No,"TR, SH",2,3,Yes,Yes,No,Yellow,Yes,Green,2,1,3,Blue,No,Single Stem,2,24,75,No,1,Yes,Irregular,Yes,No,Yes,1,4,Yes,1,2,160,1,1,4.5,7.3,300,1200,30,80,18,1,-27,3,3,2,2,No,Yes,No,Yes,No,No,Yes,No,Yes,No,5000,2,1,3,3,No,2,No,No,1,1,1
129,Pinus,strobus,eastern white pine,Pinaceae,54768,0.35,Y,Y,3.21,2.29,1.03,1,29.513648,29.513648,3.3,0.13,-1.97,No,No,No,No,No,Yes,2,3,yes,Yes,No,3,8,winged,3,No,No,No,Yes,No,TR,2,3,No,No,No,Red,No,Dark Green,3,3,1,Brown,Yes,Single Stem,3,40,150,No,1,No,Erect,No,No,Yes,1,1,Yes,1,1,90,1,2,4,6.5,430,1200,20,80,40,2,-33,3,3,2,3,Yes,Yes,No,Yes,No,Yes,Yes,No,No,No,27040,2,2,1,1,Yes,2,Yes,Yes,3,3,3
371,Betula,alleghaniensis,yellow birch,Betulaceae,49576,0.62,N,N,3.17,3,2,1,22.706747,22.706747,3.4,-0.03,-1.38,No,Yes,No,No,No,No,2,2,yes,Yes,No,3,8,winged,3,No,No,No,Yes,No,TR,2,3,No,No,No,Yellow,No,Green,3,1,2,Brown,No,Single Stem,1,25,75,Yes,1,No,Erect,Yes,Yes,Yes,2,2,Yes,2,2,60,3,2,4,8,300,700,25,80,30,3,-47,3,3,2,2,Yes,Yes,No,Yes,No,Yes,Yes,No,No,No,446400,3,2,1,3,Yes,2,No,Yes,3,5,6
95,Picea,mariana,black spruce,Pinaceae,13704,0.46,Y,Y,4.08,2,2,2,27.016983,27.016983,4.3,1.24,-2.14,No,No,No,Yes,Yes,No,2,1,yes,Yes,No,3,2,winged,2,No,No,No,Yes,No,TR,3,3,No,No,No,Yellow,No,Green,3,3,2,Brown,No,Single Stem,1,20,65,No,1,No,Conical,Yes,Yes,Yes,2,2,Yes,2,1,60,2,3,4.7,6.5,300,700,5,60,16,1,-79,3,3,2,2,Yes,Yes,No,Yes,No,Yes,Yes,No,No,No,404800,2,2,2,2,Yes,2,Yes,No,3,3,3
314,Acer,nigrum,black maple,Aceraceae,3,0.57,N,N,3,3.35,1.52,1,17.45163,17.45163,5.2,0.03,0.48,No,No,Yes,No,No,No,2,3,yes,Yes,No,3,8,winged,3,No,No,No,Yes,No,TR,2,3,No,Yes,No,Yellow,No,Green,3,1,2,Brown,No,Single Stem,2,28,100,No,1,Yes,Erect,Yes,Yes,Yes,2,3,Yes,2,2,130,1,2,4.5,7.3,300,700,24,60,30,1,-47,3,3,2,3,No,Yes,No,Yes,No,No,Yes,No,No,No,7030,3,2,1,3,Yes,2,No,Yes,2,5,6
693,Nyssa,sylvatica,blackgum,Nyssaceae,958,0.5,N,N,3.52,2,1.87,3,26.872652,26.872652,5.9,0.83,1.46,No,Yes,No,No,No,No,2,2,yes,Yes,Yes,3,8,drupe,1,Yes,No,Yes,No,No,TR,2,3,Yes,Yes,No,Green,No,Green,3,1,3,Blue,No,Single Stem,2,30,95,No,1,Yes,Erect,Yes,No,Yes,2,1,Yes,2,2,140,1,2,4.5,6,400,800,40,60,30,3,-18,3,3,2,3,No,Yes,No,Yes,No,Yes,Yes,No,No,No,3360,2,2,1,2,No,2,No,No,2,2,4
315,Acer,pensylvanicum,striped maple,Aceraceae,15570,0.46,N,N,3.56,2,1,4,20.553975,20.553975,5.1,0.25,0.96,Yes,No,No,No,No,No,1,1,no,Yes,No,3,8,winged,3,No,No,No,Yes,No,"TR, SH",2,3,No,Yes,Yes,Yellow,No,Green,2,1,2,Brown,No,Single Stem,1,25,35,Yes,1,Yes,Erect,Yes,No,Yes,1,2,Yes,2,3,90,1,1,4.4,6.5,700,1100,24,76,28,1,-47,3,3,2,3,No,Yes,No,Yes,No,No,Yes,No,No,No,11360,2,1,1,1,No,3,No,No,1,5,7
96,Picea,pungens,blue spruce,Pinaceae,13,0.39,Y,Y,3.54,2.88,1.02,2,27.541165,27.541165,NA,NA,NA,No,No,No,No,No,Yes,3,2,yes,No,No,3,7,winged,1,No,No,No,Yes,No,TR,2,3,No,No,No,Yellow,No,Green,3,3,2,Brown,No,Single Stem,1,20,100,No,1,No,Conical,Yes,No,Yes,1,4,No,2,2,120,2,2,5.5,7.8,300,700,20,45,18,2,-38,3,4,2,3,No,Yes,No,Yes,No,Yes,Yes,No,No,No,106080,3,1,1,2,Yes,1,Yes,Yes,3,3,3
407,Carya,ovata,shagbark hickory,Juglandaceae,2178,0.72,N,N,3.4,3,1.38,2,28.36794,28.36794,4.4,0.37,-0.2,No,Yes,No,No,No,No,3,2,yes,Yes,No,3,8,nut,1,Yes,Yes,No,No,No,TR,2,3,No,Yes,No,Yellow,Yes,Green,2,1,3,Brown,Yes,Single Stem,1,15,75,No,1,Yes,Erect,Yes,Yes,Yes,1,3,Yes,2,3,140,1,2,4,7.3,300,700,29,80,48,2,-40,3,3,2,3,No,Yes,No,Yes,No,No,Yes,No,No,No,96,2,3,1,3,Yes,1,Yes,No,2,2,2
951,Tilia,americana,American basswood,Tiliaceae,4273,0.37,N,N,3.98,2.88,1.26,2,27.132735,20.377051,4.6,0.16,0.31,No,No,Yes,No,No,No,2,3,yes,No,Yes,4,8,nutlike drupe,1,Yes,No,Yes,No,No,TR,2,3,Yes,Yes,No,Yellow,Yes,Green,3,1,2,Brown,No,Single Stem,2,60,100,No,1,Yes,Erect,Yes,No,Yes,1,2,Yes,2,3,80,1,2,4.5,7.5,300,800,21,80,30,1,-46,3,4,2,3,No,Yes,No,Yes,No,No,Yes,No,No,No,4765,3,2,2,1,Yes,2,No,No,2,5,6
372,Betula,lenta,sweet birch,Betulaceae,11487,0.65,N,N,2.58,3,1,2,24.498117,24.498117,3.2,-0.32,-1.28,No,No,Yes,No,No,No,2,2,yes,Yes,No,3,8,winged,3,No,No,No,Yes,No,TR,2,3,No,No,No,Yellow,No,Green,2,1,2,Brown,No,Single Stem,2,15,60,No,1,Yes,Erect,Yes,No,Yes,1,2,No,2,2,90,1,2,3.6,6.8,300,700,29,80,28,3,-26,3,2,2,3,Yes,Yes,No,Yes,No,No,Yes,No,No,No,646000,2,2,1,2,Yes,2,Yes,Yes,3,5,6
136,Pinus,nigra,Austrian pine,Pinaceae,3,0.47,Y,Y,2.1,4.38,1.39,5,24.532708,24.532708,NA,NA,NA,No,No,No,No,No,Yes,3,3,yes,No,No,3,7,winged,2,Yes,No,No,Yes,No,TR,1,3,No,No,No,Yellow,No,Green,3,3,2,Brown,No,Single Stem,2,35,120,No,1,No,Rounded,No,No,Yes,1,4,Yes,2,2,100,4,2,5.5,7.5,430,1200,35,50,40,3,-38,3,4,2,3,No,Yes,No,Yes,No,No,Yes,No,No,No,26080,2,2,1,2,No,1,No,Yes,3,3,3
936,Sorbus,aucuparia,European mountain ash,Rosaceae,3,0.58,N,N,2.73,2.11,1.76,4,NA,19.291403,NA,NA,NA,No,Yes,No,No,No,No,2,1,no,No,No,3,7,berry,2,No,No,Yes,No,No,"TR, SH",2,3,No,Yes,No,White,Yes,Green,2,1,1,Orange,Yes,Single Stem,3,35,40,No,1,Yes,Erect,Yes,No,Yes,1,2,Yes,2,1,110,1,2,5.5,7.5,300,1200,28,60,28,1,-33,3,4,2,3,Yes,Yes,No,Yes,No,Yes,Yes,No,No,No,125000,2,2,1,2,No,2,No,No,1,1,1
762,Prunus,serotina,black cherry,Rosaceae,16289,0.5,N,N,2.46,3.02,1.06,1,26.205251,26.205251,3,-0.32,-1.56,Yes,Yes,No,No,No,No,2,3,yes,No,Yes,3,7,drupe,2,Yes,Yes,Yes,No,No,"TR, SH",2,3,Yes,No,No,White,Yes,Green,2,1,2,Black,Yes,Multiple Stem,3,40,80,No,1,Yes,Erect,Yes,No,Yes,1,4,Yes,2,2,120,1,2,4,7.5,300,800,21,50,36,3,-33,3,4,2,2,No,Yes,No,Yes,No,No,Yes,No,No,No,4800,4,3,1,3,Yes,1,No,Yes,2,2,4
405,Carya,laciniosa,shellbark hickory,Juglandaceae,4,0.69,N,N,4.42,2,1.48,2,24.415036,24.415036,3.7,-0.3,-0.48,No,Yes,Yes,No,No,No,3,2,yes,Yes,No,3,8,nut,1,Yes,Yes,No,No,No,TR,2,3,Yes,No,No,Yellow,No,Green,3,1,3,Brown,Yes,Single Stem,1,35,100,No,1,Yes,Erect,Yes,No,Yes,2,4,Yes,3,3,150,1,3,5,6.6,170,700,30,60,60,1,-22,2,2,2,3,No,Yes,No,Yes,No,No,Yes,No,No,No,30,2,1,1,3,Yes,1,No,Yes,2,2,2
541,Fraxinus,americana,white ash,Oleaceae,30528,0.6,N,N,2.46,2.38,2.59,2,27.337338,27.337338,2.7,-0.54,-2.01,No,No,Yes,No,No,No,2,2,yes,Yes,No,3,8,winged,3,No,No,No,Yes,No,TR,2,3,Yes,Yes,No,Yellow,No,Green,3,1,1,Brown,Yes,Single Stem,2,40,90,No,1,Yes,Erect,Yes,No,Yes,2,3,Yes,3,3,90,1,3,4.7,7.5,300,800,28,80,40,3,-34,2,4,2,3,No,Yes,No,Yes,No,No,Yes,No,No,No,10000,3,2,1,3,Yes,2,No,No,2,5,6
621,Liriodendron,tulipifera,tuliptree,Magnoliaceae,313,0.42,N,N,2.07,2.6,1.3,2,31.732829,31.732829,5.3,1.26,0.13,No,No,Yes,No,No,No,2,3,yes,No,Yes,4,8,winged,2,No,No,No,Yes,No,TR,2,3,Yes,Yes,No,Yellow,Yes,Green,3,1,2,Brown,Yes,Single Stem,3,50,120,No,1,Yes,Erect,Yes,No,Yes,1,2,Yes,3,3,150,1,2,4.5,6.5,300,800,30,80,32,2,-18,2,4,2,2,No,Yes,No,Yes,No,Yes,Yes,No,No,No,14000,2,2,1,1,Yes,1,Yes,Yes,2,5,6
531,Fagus,grandifolia,American beech,Fagaceae,71994,0.64,N,N,4.75,1.5,1.5,3,22.724652,22.724652,3.6,0.03,-1.14,No,Yes,Yes,No,No,No,3,2,yes,Yes,No,3,9,nut,2,Yes,Yes,Yes,No,No,TR,2,3,No,Yes,No,Yellow,No,Green,3,3,2,Brown,No,Single Stem,1,30,80,No,1,Yes,Erect,Yes,No,Yes,2,2,Yes,1,3,92,1,2,4.1,7.2,300,800,28,80,32,1,-44,2,3,2,3,Yes,Yes,No,Yes,No,No,Yes,No,No,No,1600,2,1,1,2,Yes,1,Yes,Yes,2,2,2
71,Larix,laricina,tamarack,Pinaceae,4145,0.53,N,Y,0.98,2,3,2,28.9139,28.9139,3.1,-1.24,-0.48,Yes,Yes,No,No,No,No,2,2,yes,Yes,No,3,8,winged,2,No,No,No,Yes,No,TR,2,3,No,Yes,No,Red,No,Dark Green,2,1,1,Brown,Yes,Single Stem,3,20,80,No,1,No,Erect,Yes,No,Yes,2,2,Yes,1,1,73,1,2,5.5,6.5,430,1200,7,55,12,2,-79,2,4,2,3,Yes,Yes,No,Yes,No,Yes,Yes,No,No,No,292615,2,2,1,2,Yes,1,Yes,No,3,3,3
761,Prunus,pensylvanica,pin cherry,Rosaceae,4368,0.5,N,N,2.24,2.76,1.06,4,22.172784,22.172784,4.2,-0.68,0.45,Yes,No,No,No,No,No,1,1,no,No,Yes,2,7,fruit,2,Yes,No,Yes,No,No,"TR, SH",2,3,Yes,No,No,White,Yes,Green,3,1,2,Red,Yes,Single Stem,3,25,30,No,1,Yes,Erect,Yes,Yes,Yes,2,1,Yes,1,4,90,1,2,4.3,7.3,300,800,16,80,20,1,-38,2,4,2,2,No,Yes,No,Yes,No,Yes,Yes,No,No,No,14200,4,1,1,2,No,2,Yes,No,1,1,1
132,Pinus,virginiana,Virginia pine,Pinaceae,20,0.48,Y,Y,1.99,4,1.5,3,26.262391,26.262391,3.8,-0.81,0.1,No,No,No,Yes,Yes,No,2,2,yes,Yes,No,3,9,winged,2,No,No,No,Yes,No,TR,2,3,No,No,No,Yellow,No,Green,3,3,3,Brown,No,Single Stem,3,25,70,No,1,No,Irregular,Yes,Yes,Yes,2,2,Yes,1,3,165,2,1,4.5,7.5,430,800,32,65,20,1,-23,2,4,2,3,Yes,Yes,No,Yes,No,Yes,Yes,No,No,No,52160,4,3,1,2,Yes,1,Yes,Yes,3,3,3
802,Quercus,alba,white oak,Fagaceae,5637,0.68,N,N,2.85,3.56,1.43,1,27.281085,27.281085,6.1,1,1.66,No,No,Yes,No,No,No,3,2,yes,Yes,No,3,8,acorn,1,Yes,Yes,Yes,No,No,TR,2,3,Yes,Yes,No,Yellow,No,Green,3,1,2,Brown,Yes,Single Stem,1,25,100,No,1,Yes,Erect,Yes,No,Yes,1,3,No,1,3,145,1,2,4.5,6.8,300,800,30,80,48,3,-43,2,4,2,3,No,Yes,No,Yes,No,No,Yes,No,No,No,128,2,3,1,3,Yes,2,No,Yes,2,2,4
701,Ostrya,virginiana,hophornbeam,Betulaceae,9337,0.7,N,N,4.58,3.25,1.07,4,20.226281,20.226281,6.4,1.29,1.72,Yes,Yes,No,No,No,No,1,1,no,Yes,No,3,8,bract,2,No,No,Yes,Yes,No,"TR, SH",2,3,Yes,No,No,Yellow,No,Green,2,1,2,Brown,No,Single Stem,1,20,45,No,1,Yes,Erect,Yes,Yes,Yes,1,3,Yes,1,3,100,1,1,4.2,7.6,200,1200,18,60,16,1,-38,2,2,2,2,No,Yes,No,Yes,No,No,Yes,No,No,No,30000,2,2,1,3,No,2,No,No,1,5,7
833,Quercus,rubra,northern red oak,Fagaceae,26015,0.63,N,N,2.75,2.88,1.12,1,26.039875,26.039875,5.4,0.13,1.39,No,No,Yes,No,No,No,3,2,yes,Yes,No,3,8,acorn,1,Yes,Yes,Yes,No,No,TR,2,3,Yes,Yes,No,Yellow,No,Green,3,1,2,Brown,Yes,Single Stem,2,36,81,No,1,Yes,Erect,Yes,Yes,Yes,1,2,Yes,1,4,100,1,2,4.3,7.3,300,800,30,80,36,3,-35,2,3,2,3,No,Yes,No,Yes,No,No,Yes,No,No,No,125,2,2,1,3,Yes,2,No,Yes,2,2,4
123,Pinus,pungens,Table Mountain Pine,Pinaceae,3,0.52,Y,Y,3,3.72,1.51,4,26.775833,26.775833,5.9,-1.12,2.55,No,No,No,Yes,No,No,2,2,yes,Yes,No,1,10,winged,2,No,No,No,Yes,No,TR,2,3,No,No,No,Yellow,No,Green,3,3,2,Brown,No,Single Stem,2,25,50,No,1,No,Conical,Yes,Yes,Yes,1,2,No,1,2,165,2,1,4.5,7,300,1200,36,60,24,1,-18,2,3,2,3,Yes,Yes,No,Yes,No,No,Yes,No,No,No,34200,2,2,1,2,Yes,1,Yes,No,3,3,3
379,Betula,populifolia,gray birch,Betulaceae,7425,0.51,N,N,1.5,2.34,1,4,24.491246,24.491246,3.6,0.03,-1.14,Yes,No,No,No,No,No,1,1,no,Yes,No,3,10,winged,3,No,No,No,Yes,No,TR,2,2,No,Yes,No,Brown,No,Green,2,1,1,Brown,No,Thicket Forming,3,25,25,No,1,Yes,Erect,Yes,Yes,Yes,1,3,Yes,1,3,90,2,1,3.5,6.5,700,1200,36,65,18,3,-35,2,4,2,3,Yes,Yes,No,Yes,No,Yes,Yes,No,No,No,4256000,4,2,1,2,No,2,No,No,1,5,7
221,Taxodium,distichum,bald cypress,Taxodiaceae,1,0.46,N,Y,2.13,3.25,4.93,2,NA,25.44617,3.9,-1.02,0.38,No,No,No,No,No,No,3,3,yes,Yes,No,1,9,small buoyant,4,Yes,No,No,No,Yes,TR,2,3,Yes,Yes,No,Purple,No,Green,3,2,1,Brown,No,Single Stem,3,45,130,No,1,Yes,Conical,Yes,Yes,Yes,4,1,Yes,2,2,160,1,3,4.5,6,300,800,40,65,40,4,-18,2,2,2,3,Yes,Yes,No,Yes,No,No,Yes,No,No,No,5200,2,1,1,2,Yes,2,No,No,2,5,6
391,Carpinus,caroliniana,American hornbeam,Betulaceae,2122,0.58,N,N,4.58,2.02,2.3,4,13.764952,13.764952,5.1,0.62,0.56,Yes,No,No,No,No,No,1,1,no,Yes,No,3,8,bract,2,No,No,No,Yes,No,"TR, SH",2,3,No,Yes,No,Orange,Yes,Green,3,1,2,Brown,No,Multiple Stem,1,18,30,No,1,Yes,Erect,Yes,No,Yes,2,2,Yes,2,2,80,2,2,4,7.4,700,1200,23,80,20,1,-34,2,3,2,3,No,Yes,No,Yes,No,No,Yes,No,No,No,35000,2,1,1,3,No,1,No,No,1,1,7
402,Carya,cordiformis,bitternut hickory,Juglandaceae,2043,0.66,N,N,2.07,4,2.5,2,29.104425,29.104425,5.6,-0.83,2.17,No,Yes,Yes,No,No,No,2,2,yes,Yes,No,3,8,nut,1,Yes,No,No,No,No,TR,2,3,No,Yes,No,Green,No,Green,3,1,3,Brown,Yes,Single Stem,1,30,75,No,1,Yes,Erect,Yes,Yes,Yes,2,4,Yes,2,3,120,1,2,4.8,7.4,170,700,25,70,50,1,-47,2,3,2,3,No,Yes,No,Yes,No,No,Yes,No,No,No,156,2,1,1,3,Yes,1,Yes,Yes,2,5,2
591,Ilex,opaca,American holly,Aquifoliaceae,20,0.57,Y,N,4.28,2.92,1.93,4,20.185394,20.185394,4.5,0.47,-0.1,No,No,No,Yes,No,No,2,1,no,No,Yes,3,12,drupe,2,Yes,Yes,Yes,No,No,"TR, SH",2,3,No,Yes,No,Yellow,No,Green,3,3,3,Red,Yes,Single Stem,1,20,40,No,1,Yes,Erect,Yes,No,Yes,2,2,Yes,2,2,140,3,2,4.5,7,300,800,40,80,30,3,-20,2,2,2,3,Yes,Yes,No,Yes,No,Yes,Yes,No,No,No,28430,2,1,1,2,No,1,Yes,Yes,1,1,1
97,Picea,rubens,red spruce,Pinaceae,81041,0.4,Y,Y,4.39,2.5,2,1,26.044522,26.044522,2.9,-0.62,-1.28,No,No,No,No,Yes,No,3,2,yes,Yes,No,2,8,winged,2,No,No,No,Yes,No,TR,2,3,No,No,No,Yellow,No,Green,3,3,2,Brown,No,Single Stem,2,25,110,No,1,No,Conical,Yes,Yes,Yes,2,2,No,2,1,90,1,2,4,5.8,300,700,28,52,13,1,-47,2,3,2,3,Yes,Yes,No,Yes,No,Yes,Yes,No,No,No,140000,2,2,1,2,Yes,1,Yes,Yes,3,3,3
202,Pseudotsuga,menziesii,Douglas-fir,Pinaceae,111,0.48,Y,Y,2.78,2.62,1.79,2,18.87419,18.87419,NA,NA,NA,No,No,No,No,Yes,No,3,3,yes,No,No,2,7,winged,3,Yes,No,No,Yes,No,TR,2,3,No,No,Yes,Red,No,Green,3,3,2,Brown,No,Single Stem,2,40,200,No,1,No,Conical,Yes,No,Yes,2,2,Yes,2,2,130,2,2,5,7.5,300,1200,18,100,26,2,-33,2,4,2,3,Yes,Yes,No,Yes,No,No,Yes,No,No,No,42080,3,3,1,2,Yes,1,Yes,Yes,3,3,3
611,Liquidambar,styraciflua,sweetgum,Hamamelidaceae,8,0.52,N,N,1.59,2.92,2.69,4,25.003374,25.003374,4.1,0.18,-0.41,No,Yes,Yes,No,No,No,3,3,yes,Yes,No,1,8,winged,2,No,No,No,Yes,No,TR,2,3,Yes,Yes,No,Green,No,Green,3,1,2,Brown,Yes,Single Stem,3,45,100,No,1,Yes,Erect,Yes,Yes,Yes,2,2,Yes,2,2,180,2,3,4.5,7,300,800,40,60,36,1,-21,2,3,2,3,No,Yes,No,Yes,No,Yes,Yes,No,No,No,82080,3,3,3,2,Yes,2,Yes,Yes,2,5,6
375,Betula,papyrifera,paper birch,Betulaceae,50674,0.55,N,N,1.54,2.02,1.25,1,24.043748,24.043748,3.4,0.18,-1.72,No,Yes,No,No,No,No,2,2,yes,Yes,No,3,8,winged,3,No,No,No,Yes,No,TR,2,2,Yes,Yes,No,Yellow,Yes,Green,2,1,2,Brown,No,Single Stem,3,40,70,No,1,Yes,Erect,Yes,Yes,Yes,2,2,Yes,2,4,80,2,3,4.2,7.4,300,700,12,60,24,3,-62,2,4,2,2,Yes,Yes,No,Yes,No,Yes,Yes,No,No,No,1380800,4,2,1,3,No,3,Yes,Yes,4,5,6
241,Thuja,occidentalis,arborvitae,Cupressaceae,42001,0.31,Y,Y,3.45,2.71,1.46,2,20.513555,20.513555,4.2,0.49,-0.7,No,No,No,No,Yes,No,3,2,yes,Yes,No,3,8,winged,2,No,No,No,Yes,No,TR,2,3,No,No,No,NA,No,Green,3,3,1,Brown,No,Single Stem,1,25,50,No,1,No,Conical,Yes,Yes,Yes,3,4,Yes,2,2,100,4,2,5.2,7,300,1200,35,55,30,3,-33,2,3,2,3,Yes,Yes,No,Yes,No,Yes,Yes,No,No,No,345600,3,2,1,2,Yes,2,Yes,Yes,,,
766,Prunus,americana,American plum,Rosaceae,3,0.5,N,N,2.24,2.76,1.06,4,NA,22.085326,3.9,-1.34,0.48,Yes,No,No,No,No,No,3,1,yes,No,Yes,2,5,berry,2,Yes,Yes,No,No,No,"TR, SH",2,2,No,No,No,White,Yes,Green,3,2,2,Red,Yes,Single Stem,2,24,24,No,1,Yes,Erect,Yes,No,Yes,3,4,Yes,2,3,100,2,2,5,7,700,1200,16,40,24,2,-38,2,3,2,3,Yes,Yes,No,Yes,No,No,Yes,No,No,No,870,2,3,1,2,No,2,No,No,1,1,1
923,Salix,bebbiana,Bebb willow,Salicaceae,20,0.39,N,N,1,1,3,4,20.928869,20.928869,NA,NA,NA,Yes,No,No,No,No,No,2,1,no,No,No,2,7,plumped,2,No,Yes,No,Yes,No,"TR, SH",2,3,No,No,No,white,No,Green,3,2,3,Brown,No,Multiple Stem,2,12,12,No,1,Yes,Erect,Yes,Yes,Yes,3,2,No,2,4,80,3,3,5.5,7.5,1700,4800,20,60,16,1,-4,2,1,2,2,No,Yes,No,Yes,No,Yes,No,No,No,No,2500000,2,1,2,3,No,2,No,No,1,1,7
763,Prunus,virginiana,chokecherry,Rosaceae,555,0.5,N,N,2.59,2.88,1.11,4,21.589426,21.589426,3.8,-0.86,0.18,Yes,No,No,No,No,No,1,1,no,No,Yes,2,10,berry,2,Yes,No,Yes,No,No,"TR, SH",2,3,No,Yes,No,White,Yes,Green,3,1,2,Black,Yes,Multiple Stem,3,15,25,Yes,1,Yes,Erect,Yes,Yes,Yes,3,4,Yes,2,4,120,2,2,5.2,8.4,682,2728,13,65,20,3,-43,2,4,2,2,Yes,Yes,No,Yes,No,No,Yes,No,No,No,4971,2,2,3,3,No,3,No,No,1,1,1
130,Pinus,sylvestris,Scots pine,Pinaceae,2056,0.47,Y,Y,1.67,4.34,2.63,3,24.14889,24.14889,NA,NA,NA,No,No,No,No,No,Yes,2,3,yes,No,No,2,7,winged,3,No,No,No,Yes,No,TR,2,3,No,No,No,Yellow,No,Green,3,3,2,Brown,No,Single Stem,3,30,110,No,1,No,Conical,Yes,No,Yes,3,2,Yes,2,2,120,3,2,5,7.5,430,1200,24,45,20,2,-36,2,4,2,3,No,Yes,No,Yes,No,No,Yes,No,No,No,70720,2,2,1,2,No,1,Yes,No,3,3,3
462,Celtis,occidentalis,common hackberry,Ulmaceae,26,0.53,N,N,3.17,3.85,2.65,3,21.559657,21.559657,5.7,0.3,1.66,Yes,Yes,No,No,No,No,2,2,yes,Yes,No,3,8,drupe,2,Yes,Yes,Yes,No,No,"TR, SH",2,3,No,Yes,No,Green,No,Green,3,1,3,Purple,No,Single Stem,3,26,60,No,1,Yes,Erect,Yes,Yes,Yes,3,3,Yes,2,2,120,3,1,6,7.8,170,300,14,60,36,2,-47,2,4,2,3,Yes,Yes,No,Yes,No,Yes,Yes,No,No,No,43000,3,2,1,3,Yes,2,No,No,2,2,4
261,Tsuga,canadensis,eastern hemlock,Pinaceae,61594,0.4,Y,Y,4.83,1,1.25,2,23.285197,23.285197,2.7,-0.88,-1.34,No,No,No,No,No,Yes,3,2,yes,Yes,No,3,9,winged,2,No,No,No,Yes,No,TR,2,3,No,No,No,Yellow,No,Dark Green,3,3,1,Brown,No,Single Stem,1,22,105,No,1,No,Erect,Yes,No,Yes,1,1,Yes,2,3,80,4,2,4.2,5.7,300,1200,32,55,28,1,-33,2,4,2,3,No,Yes,No,Yes,No,Yes,Yes,No,No,No,187200,2,2,1,2,Yes,2,Yes,No,3,3,3
823,Quercus,macrocarpa,bur oak,Fagaceae,213,0.64,N,N,2.71,3.85,1.82,2,27.955226,27.955226,6.4,-0.16,2.77,No,No,Yes,No,No,No,3,2,yes,Yes,No,3,8,acorn,1,Yes,Yes,Yes,No,No,"TR, SH",2,3,No,Yes,No,Yellow,No,Green,3,1,2,Brown,Yes,Single Stem,1,25,100,No,1,Yes,Erect,Yes,Yes,Yes,1,3,Yes,2,4,100,1,2,4.5,7.5,300,800,15,50,28,2,-38,2,2,2,3,No,Yes,No,Yes,No,No,Yes,No,No,No,75,2,2,1,3,Yes,2,No,No,2,2,4
91,Picea,abies,Norway spruce,Pinaceae,3748,0.39,Y,Y,4.45,1.75,1.22,2,31.747544,31.747544,NA,NA,NA,No,No,No,No,No,Yes,2,3,yes,No,No,2,7,winged,2,No,No,No,Yes,No,TR,2,3,No,No,No,Yellow,No,Dark Green,3,3,2,Brown,No,Single Stem,1,35,130,No,1,Yes,Climbing,No,Yes,Yes,1,2,No,2,2,100,4,2,5,7,300,700,24,60,28,2,-38,2,3,2,3,No,Yes,No,Yes,No,Yes,Yes,No,No,No,64000,2,2,1,2,Yes,1,No,No,3,3,3
409,Carya,tomentosa,Mockernut Hickory,Juglandaceae,253,0.72,N,N,3.12,3.25,1.63,2,32.110112,32.110112,NA,NA,NA,No,No,Yes,No,No,No,3,2,yes,No,No,2,8,nut,2,Yes,Yes,Yes,No,No,TR,2,3,Yes,Yes,No,Yellow,No,Green,3,1,3,Brown,Yes,Single Stem,1,18,85,No,1,Yes,Erect,Yes,Yes,Yes,1,4,No,2,3,160,1,2,4.7,6.9,170,700,32,80,50,1,-33,2,3,2,3,No,Yes,No,Yes,No,No,Yes,No,No,No,73,2,1,1,3,No,1,Yes,Yes,2,2,2
403,Carya,glabra,pignut hickory,Juglandaceae,1907,0.75,N,N,2.69,4,1.16,2,29.313478,29.313478,4.7,0.4,0.22,No,Yes,Yes,No,No,No,2,2,yes,Yes,No,3,8,nut,1,Yes,Yes,No,No,No,TR,2,3,No,Yes,No,Yellow,No,Green,3,1,3,Brown,Yes,Single Stem,1,30,80,No,1,Yes,Erect,Yes,No,Yes,1,4,Yes,2,3,140,1,2,4.8,7.3,170,700,30,80,50,1,-30,2,3,2,3,No,Yes,No,Yes,No,No,Yes,No,No,No,200,2,1,1,3,Yes,1,No,Yes,2,2,2
318,Acer,saccharum,sugar maple,Aceraceae,79167,0.63,N,N,4.76,2.25,1.09,1,25.31405,25.31405,5.8,1.34,0.86,No,No,Yes,No,No,No,3,3,yes,Yes,Yes,3,8,winged,3,No,No,No,Yes,No,"TR, SH",2,3,No,Yes,No,Green,No,Green,3,1,3,Brown,No,Single Stem,1,20,100,Yes,1,Yes,Erect,Yes,No,Yes,1,3,Yes,2,2,80,1,2,3.7,7.9,300,700,22,80,40,1,-47,2,4,2,3,Yes,Yes,No,Yes,No,Yes,Yes,No,No,No,6540,3,3,1,3,Yes,2,Yes,Yes,3,5,6
825,Quercus,michauxii,Swamp Chestnut Oak,Fagaceae,2,0.67,N,N,1,3.6,1.63,2,27.861487,27.861487,4.6,-0.81,1.08,No,Yes,Yes,No,No,No,2,2,yes,Yes,No,3,8,nut,2,Yes,Yes,No,No,No,TR,2,3,No,Yes,No,Yellow,No,Green,3,1,2,Brown,Yes,Single Stem,2,35,80,No,1,Yes,Erect,No,Yes,Yes,1,1,No,2,2,180,1,2,4.5,6.5,300,800,40,70,28,1,-20,2,3,2,3,No,Yes,No,Yes,No,No,Yes,No,No,No,85,2,2,2,3,Yes,2,No,Yes,2,2,2
826,Quercus,muehlenbergii,chinquapin oak,Fagaceae,10,0.66,N,N,2.22,4.97,1.26,2,19.604025,19.604025,4.8,-0.66,1.18,No,Yes,Yes,No,No,No,3,2,yes,Yes,No,3,8,acorn,1,Yes,Yes,Yes,No,No,TR,2,3,Yes,Yes,No,Yellow,No,Green,3,1,2,Brown,Yes,Single Stem,2,30,70,No,1,Yes,Erect,No,No,Yes,1,4,No,2,2,120,1,2,5,8,300,800,20,90,28,1,-33,2,3,2,3,No,Yes,No,Yes,No,No,Yes,No,No,No,400,2,2,1,3,No,2,No,No,2,2,4
806,Quercus,coccinea,scarlet oak,Fagaceae,3570,0.67,N,N,2.07,4,1,2,28.183569,28.183569,4.6,0.71,-0.35,No,Yes,No,No,No,No,3,2,yes,Yes,No,3,8,acorn,1,Yes,Yes,Yes,No,No,TR,2,3,Yes,Yes,No,Yellow,No,Green,3,1,2,Brown,Yes,Single Stem,3,30,70,No,1,Yes,Erect,Yes,No,Yes,1,2,Yes,2,3,160,1,2,4.5,6.9,300,800,30,55,48,1,-28,2,3,2,3,No,Yes,No,Yes,No,No,Yes,No,No,No,235,2,3,1,3,Yes,2,No,Yes,2,2,4
126,Pinus,rigida,pitch pine,Pinaceae,2946,0.52,Y,Y,1.99,4,2,3,25.465427,25.465427,3.8,-1.79,0.56,No,No,No,Yes,Yes,No,2,2,yes,Yes,No,3,10,winged,2,No,No,No,Yes,No,TR,2,3,No,No,Yes,Green,No,Yellow-Green,2,2,2,Brown,Yes,Single Stem,3,20,80,No,1,Yes,Erect,Yes,No,Yes,2,2,Yes,1,2,112,1,1,3.5,5.1,430,1200,37,56,20,1,-43,2,4,2,3,Yes,Yes,No,Yes,No,No,Yes,No,No,No,62080,2,3,1,2,No,1,Yes,No,3,3,3
125,Pinus,resinosa,red pine,Pinaceae,4845,0.46,Y,Y,1.89,3,1,2,28.356525,28.356525,3.9,-2.42,0.86,No,No,No,No,Yes,No,2,2,yes,Yes,No,3,8,winged,3,No,No,No,Yes,No,TR,2,3,No,No,Yes,Brown,No,Yellow-Green,2,2,2,Purple,Yes,Single Stem,3,30,80,No,1,No,Erect,Yes,No,Yes,1,1,Yes,1,2,80,1,1,4.5,6,430,1200,15,60,40,1,-43,2,3,2,3,Yes,Yes,No,Yes,No,No,Yes,No,No,No,52160,2,3,1,1,Yes,1,Yes,Yes,3,3,3
319,Acer,spicatum,mountain maple,Aceraceae,2589,0.52,N,N,3.31,2,2,4,23.364919,23.364919,5.9,1.48,0.8,Yes,No,No,No,No,No,2,1,no,No,Yes,3,8,winged,4,No,No,No,Yes,No,"TR, SH",2,3,Yes,Yes,No,Yellow,No,Green,3,1,3,Brown,No,Multiple Stem,2,25,25,No,1,Yes,Erect,No,No,Yes,2,3,Yes,2,4,100,1,2,4.8,7,700,1100,30,70,32,1,-47,2,4,2,3,Yes,Yes,No,Yes,No,No,Yes,No,No,No,22720,3,2,1,1,No,2,No,No,1,5,7
830,Quercus,palustris,pin oak,Fagaceae,124,0.63,N,N,2.49,2.38,3.49,3,27.432663,27.432663,2.8,-1.39,-0.65,No,Yes,No,No,No,No,2,2,yes,Yes,No,3,8,acorn,1,Yes,Yes,Yes,No,No,TR,2,3,Yes,Yes,No,Yellow,No,Green,3,2,2,Brown,No,Colonizing,3,40,100,No,1,Yes,Erect,No,Yes,Yes,3,2,Yes,2,3,120,3,3,4.5,6.5,300,800,32,60,30,2,-33,2,3,2,3,No,Yes,No,Yes,No,No,Yes,No,No,No,410,2,3,1,3,Yes,1,No,Yes,2,2,4
731,Platanus,occidentalis,American sycamore,Platanaceae,76,0.49,N,N,2.86,2.25,2.71,3,28.071764,28.071764,4.8,-0.9,1.28,No,No,Yes,No,No,No,3,3,yes,Yes,No,3,11,hairy achene,4,No,No,No,Yes,Yes,TR,2,3,Yes,Yes,No,Red,No,Green,3,1,3,Brown,Yes,Single Stem,3,65,100,No,1,Yes,Erect,Yes,No,Yes,3,1,No,2,3,100,1,3,4.9,6.5,300,800,30,80,30,1,-34,2,3,2,3,Yes,Yes,No,Yes,No,Yes,Yes,No,No,No,192000,3,2,2,1,Yes,1,No,No,4,5,6
655,Magnolia,fraseri,mountain magnolia,Magnoliaceae,2,0.44,N,N,3.06,2,1,4,NA,26.580809,NA,NA,NA,No,Yes,Yes,No,No,No,2,2,yes,No,No,2,7,drupe,2,No,No,Yes,No,No,TR,2,3,Yes,Yes,No,White,Yes,Green,3,1,3,Red,No,Single Stem,3,35,75,No,1,Yes,Erect,Yes,No,Yes,1,2,Yes,2,3,150,2,3,4.5,6.8,300,800,40,80,28,1,-13,2,3,2,3,No,Yes,No,Yes,No,No,Yes,No,No,No,4550,2,3,1,3,Yes,1,Yes,No,2,2,4
452,Catalpa,speciosa,northern catalpa,Bignoniaceae,5,0.41,N,N,2.33,4.22,1.27,3,15.725674,15.725674,4.2,-1.58,0.93,No,Yes,Yes,No,No,No,3,1,no,No,Yes,4,10,winged,3,No,No,No,Yes,No,TR,1,3,No,Yes,No,White,Yes,Dark Green,3,1,2,Brown,Yes,Single Stem,3,20,60,No,2,Yes,Erect,Yes,No,Yes,1,2,No,2,1,90,1,1,5.5,7,100,1200,20,80,20,2,-38,4,3,3,3,Yes,Yes,No,Yes,No,No,Yes,No,No,No,20480,2,2,2,3,Yes,1,Yes,No,1,5,6
901,Robinia,pseudoacacia,black locust,Leguminosae,1176,0.69,N,N,1.72,4.11,1.07,3,30.521359,30.521359,3.8,-0.59,0,No,Yes,No,No,No,No,1,1,yes,No,Yes,3,8,pod,1,Yes,No,No,Yes,No,TR,1,2,Yes,No,No,White,Yes,Green,2,1,2,Black,Yes,Multiple Stem,3,40,60,No,3,Yes,Erect,Yes,Yes,Yes,2,4,No,1,4,140,2,2,4.6,8.2,160,1200,16,65,36,3,-37,2,3,1,2,Yes,Yes,No,Yes,No,Yes,Yes,No,No,No,24000,3,3,3,3,Yes,1,Yes,No,4,4,5
355,Alnus,glutinosa,European alder,Betulaceae,33,0.41,N,N,2.71,2.22,3.9,5,22.426597,22.426597,NA,NA,NA,No,Yes,No,No,No,No,2,1,no,No,No,2,7,nut,3,No,No,Yes,Yes,Yes,TR,2,1,Yes,No,No,Purple,No,Green,2,1,2,Brown,Yes,Multiple Stem,3,40,45,No,4,Yes,Erect,Yes,Yes,Yes,2,2,Yes,1,2,130,2,2,4.4,7.2,145,1200,20,65,16,2,-18,2,2,2,3,Yes,Yes,No,Yes,No,Yes,Yes,No,No,No,325000,2,1,1,2,No,1,Yes,No,NA,NA,NA
540,Fraxinus,spp.,NA,Oleaceae,3,0.55,N,N,3,2.74,3.02,2,26.176591,26.176591,NA,NA,NA,NA,NA,NA,NA,NA,NA,NA,NA,NA,NA,NA,NA,NA,NA,NA,NA,NA,NA,NA,NA,NA,NA,NA,NA,NA,NA,NA,NA,NA,NA,NA,NA,NA,NA,NA,NA,NA,NA,NA,NA,NA,NA,NA,NA,NA,NA,NA,NA,NA,NA,NA,NA,NA,NA,NA,NA,NA,NA,NA,NA,NA,NA,NA,NA,NA,NA,NA,NA,NA,NA,NA,NA,NA,NA,NA,NA,NA,NA,NA,NA,NA,NA,NA,NA,NA,NA,NA,NA
70,Larix,spp.,NA,Pinaceae,535,0.53,N,Y,0.98,2,3,2,32.550944,32.550944,NA,NA,NA,NA,NA,NA,NA,NA,NA,NA,NA,NA,NA,NA,NA,NA,NA,NA,NA,NA,NA,NA,NA,NA,NA,NA,NA,NA,NA,NA,NA,NA,NA,NA,NA,NA,NA,NA,NA,NA,NA,NA,NA,NA,NA,NA,NA,NA,NA,NA,NA,NA,NA,NA,NA,NA,NA,NA,NA,NA,NA,NA,NA,NA,NA,NA,NA,NA,NA,NA,NA,NA,NA,NA,NA,NA,NA,NA,NA,NA,NA,NA,NA,NA,NA,NA,NA,NA,NA,NA,NA
90,Picea,spp.,NA,Pinaceae,8,0.39,Y,Y,4,2.4,1.45,2,NA,27.983399,NA,NA,NA,NA,NA,NA,NA,NA,NA,NA,NA,NA,NA,NA,NA,NA,NA,NA,NA,NA,NA,NA,NA,NA,NA,NA,NA,NA,NA,NA,NA,NA,NA,NA,NA,NA,NA,NA,NA,NA,NA,NA,NA,NA,NA,NA,NA,NA,NA,NA,NA,NA,NA,NA,NA,NA,NA,NA,NA,NA,NA,NA,NA,NA,NA,NA,NA,NA,NA,NA,NA,NA,NA,NA,NA,NA,NA,NA,NA,NA,NA,NA,NA,NA,NA,NA,NA,NA,NA,NA,NA
100,Pinus,spp.,NA,Pinaceae,2,0.47,Y,Y,2,3.72,1.51,2,NA,26.68718,NA,NA,NA,NA,NA,NA,NA,NA,NA,NA,NA,NA,NA,NA,NA,NA,NA,NA,NA,NA,NA,NA,NA,NA,NA,NA,NA,NA,NA,NA,NA,NA,NA,NA,NA,NA,NA,NA,NA,NA,NA,NA,NA,NA,NA,NA,NA,NA,NA,NA,NA,NA,NA,NA,NA,NA,NA,NA,NA,NA,NA,NA,NA,NA,NA,NA,NA,NA,NA,NA,NA,NA,NA,NA,NA,NA,NA,NA,NA,NA,NA,NA,NA,NA,NA,NA,NA,NA,NA,NA,NA
260,Tsuga,spp.,NA,Pinaceae,1,0.43,Y,Y,4.83,1,1.25,2,NA,23.285197,NA,NA,NA,NA,NA,NA,NA,NA,NA,NA,NA,NA,NA,NA,NA,NA,NA,NA,NA,NA,NA,NA,NA,NA,NA,NA,NA,NA,NA,NA,NA,NA,NA,NA,NA,NA,NA,NA,NA,NA,NA,NA,NA,NA,NA,NA,NA,NA,NA,NA,NA,NA,NA,NA,NA,NA,NA,NA,NA,NA,NA,NA,NA,NA,NA,NA,NA,NA,NA,NA,NA,NA,NA,NA,NA,NA,NA,NA,NA,NA,NA,NA,NA,NA,NA,NA,NA,NA,NA,NA,NA
10,Abies,spp.,NA,Pinaceae,4,0.38,Y,Y,5.01,1.5,2,3,16.113464,16.113464,NA,NA,NA,NA,NA,NA,NA,NA,NA,NA,NA,NA,NA,NA,NA,NA,NA,NA,NA,NA,NA,NA,NA,NA,NA,NA,NA,NA,NA,NA,NA,NA,NA,NA,NA,NA,NA,NA,NA,NA,NA,NA,NA,NA,NA,NA,NA,NA,NA,NA,NA,NA,NA,NA,NA,NA,NA,NA,NA,NA,NA,NA,NA,NA,NA,NA,NA,NA,NA,NA,NA,NA,NA,NA,NA,NA,NA,NA,NA,NA,NA,NA,NA,NA,NA,NA,NA,NA,NA,NA,NA
760,Prunus,spp.,NA,Rosaceae,108,0.5,N,N,2.24,2.76,1.06,3,17.582872,17.582872,NA,NA,NA,NA,NA,NA,NA,NA,NA,NA,NA,NA,NA,NA,NA,NA,NA,NA,NA,NA,NA,NA,NA,NA,NA,NA,NA,NA,NA,NA,NA,NA,NA,NA,NA,NA,NA,NA,NA,NA,NA,NA,NA,NA,NA,NA,NA,NA,NA,NA,NA,NA,NA,NA,NA,NA,NA,NA,NA,NA,NA,NA,NA,NA,NA,NA,NA,NA,NA,NA,NA,NA,NA,NA,NA,NA,NA,NA,NA,NA,NA,NA,NA,NA,NA,NA,NA,NA,NA,NA,NA
800,Quercus,spp.,NA,Fagaceae,31,0.66,N,N,3,3.6,1.63,3,17.887389,17.887389,NA,NA,NA,NA,NA,NA,NA,NA,NA,NA,NA,NA,NA,NA,NA,NA,NA,NA,NA,NA,NA,NA,NA,NA,NA,NA,NA,NA,NA,NA,NA,NA,NA,NA,NA,NA,NA,NA,NA,NA,NA,NA,NA,NA,NA,NA,NA,NA,NA,NA,NA,NA,NA,NA,NA,NA,NA,NA,NA,NA,NA,NA,NA,NA,NA,NA,NA,NA,NA,NA,NA,NA,NA,NA,NA,NA,NA,NA,NA,NA,NA,NA,NA,NA,NA,NA,NA,NA,NA,NA,NA
970,Ulmus,spp.,NA,Ulmaceae,18,0.59,N,N,3.04,2.82,1.68,3,22.396055,20.377051,NA,NA,NA,NA,NA,NA,NA,NA,NA,NA,NA,NA,NA,NA,NA,NA,NA,NA,NA,NA,NA,NA,NA,NA,NA,NA,NA,NA,NA,NA,NA,NA,NA,NA,NA,NA,NA,NA,NA,NA,NA,NA,NA,NA,NA,NA,NA,NA,NA,NA,NA,NA,NA,NA,NA,NA,NA,NA,NA,NA,NA,NA,NA,NA,NA,NA,NA,NA,NA,NA,NA,NA,NA,NA,NA,NA,NA,NA,NA,NA,NA,NA,NA,NA,NA,NA,NA,NA,NA,NA,NA
450,Catalpa,spp.,NA,Bignoniaceae,4,0.41,N,N,3,4.22,1.27,3,23.951206,23.951206,NA,NA,NA,NA,NA,NA,NA,NA,NA,NA,NA,NA,NA,NA,NA,NA,NA,NA,NA,NA,NA,NA,NA,NA,NA,NA,NA,NA,NA,NA,NA,NA,NA,NA,NA,NA,NA,NA,NA,NA,NA,NA,NA,NA,NA,NA,NA,NA,NA,NA,NA,NA,NA,NA,NA,NA,NA,NA,NA,NA,NA,NA,NA,NA,NA,NA,NA,NA,NA,NA,NA,NA,NA,NA,NA,NA,NA,NA,NA,NA,NA,NA,NA,NA,NA,NA,NA,NA,NA,NA,NA
310,Acer,spp.,NA,Aceraceae,4,0.52,N,N,4,2.51,2.03,3,24.261477,24.261477,NA,NA,NA,NA,NA,NA,NA,NA,NA,NA,NA,NA,NA,NA,NA,NA,NA,NA,NA,NA,NA,NA,NA,NA,NA,NA,NA,NA,NA,NA,NA,NA,NA,NA,NA,NA,NA,NA,NA,NA,NA,NA,NA,NA,NA,NA,NA,NA,NA,NA,NA,NA,NA,NA,NA,NA,NA,NA,NA,NA,NA,NA,NA,NA,NA,NA,NA,NA,NA,NA,NA,NA,NA,NA,NA,NA,NA,NA,NA,NA,NA,NA,NA,NA,NA,NA,NA,NA,NA,NA,NA
950,Tilia,spp.,NA,Tiliaceae,15,0.37,N,N,4,2.88,1.26,3,26.041853,20.377051,NA,NA,NA,NA,NA,NA,NA,NA,NA,NA,NA,NA,NA,NA,NA,NA,NA,NA,NA,NA,NA,NA,NA,NA,NA,NA,NA,NA,NA,NA,NA,NA,NA,NA,NA,NA,NA,NA,NA,NA,NA,NA,NA,NA,NA,NA,NA,NA,NA,NA,NA,NA,NA,NA,NA,NA,NA,NA,NA,NA,NA,NA,NA,NA,NA,NA,NA,NA,NA,NA,NA,NA,NA,NA,NA,NA,NA,NA,NA,NA,NA,NA,NA,NA,NA,NA,NA,NA,NA,NA,NA
460,Celtis,spp.,NA,Ulmaceae,2,0.53,N,N,3.17,3.85,2.65,3,29.031081,29.031081,NA,NA,NA,NA,NA,NA,NA,NA,NA,NA,NA,NA,NA,NA,NA,NA,NA,NA,NA,NA,NA,NA,NA,NA,NA,NA,NA,NA,NA,NA,NA,NA,NA,NA,NA,NA,NA,NA,NA,NA,NA,NA,NA,NA,NA,NA,NA,NA,NA,NA,NA,NA,NA,NA,NA,NA,NA,NA,NA,NA,NA,NA,NA,NA,NA,NA,NA,NA,NA,NA,NA,NA,NA,NA,NA,NA,NA,NA,NA,NA,NA,NA,NA,NA,NA,NA,NA,NA,NA,NA,NA
400,Carya,spp.,NA,Juglandaceae,73,0.68,N,N,3,3.25,1.63,3,30.966874,30.966874,NA,NA,NA,NA,NA,NA,NA,NA,NA,NA,NA,NA,NA,NA,NA,NA,NA,NA,NA,NA,NA,NA,NA,NA,NA,NA,NA,NA,NA,NA,NA,NA,NA,NA,NA,NA,NA,NA,NA,NA,NA,NA,NA,NA,NA,NA,NA,NA,NA,NA,NA,NA,NA,NA,NA,NA,NA,NA,NA,NA,NA,NA,NA,NA,NA,NA,NA,NA,NA,NA,NA,NA,NA,NA,NA,NA,NA,NA,NA,NA,NA,NA,NA,NA,NA,NA,NA,NA,NA,NA,NA
370,Betula,spp.,NA,Betulaceae,1,0.58,N,N,2,2.38,1.62,3,NA,24.099363,NA,NA,NA,NA,NA,NA,NA,NA,NA,NA,NA,NA,NA,NA,NA,NA,NA,NA,NA,NA,NA,NA,NA,NA,NA,NA,NA,NA,NA,NA,NA,NA,NA,NA,NA,NA,NA,NA,NA,NA,NA,NA,NA,NA,NA,NA,NA,NA,NA,NA,NA,NA,NA,NA,NA,NA,NA,NA,NA,NA,NA,NA,NA,NA,NA,NA,NA,NA,NA,NA,NA,NA,NA,NA,NA,NA,NA,NA,NA,NA,NA,NA,NA,NA,NA,NA,NA,NA,NA,NA,NA
740,Populus,spp.,NA,Pinaceae,24,0.39,N,N,1.34,1.92,2.69,3,NA,28.162039,NA,NA,NA,NA,NA,NA,NA,NA,NA,NA,NA,NA,NA,NA,NA,NA,NA,NA,NA,NA,NA,NA,NA,NA,NA,NA,NA,NA,NA,NA,NA,NA,NA,NA,NA,NA,NA,NA,NA,NA,NA,NA,NA,NA,NA,NA,NA,NA,NA,NA,NA,NA,NA,NA,NA,NA,NA,NA,NA,NA,NA,NA,NA,NA,NA,NA,NA,NA,NA,NA,NA,NA,NA,NA,NA,NA,NA,NA,NA,NA,NA,NA,NA,NA,NA,NA,NA,NA,NA,NA,NA
660,Malus,spp.,NA,Rosaceae,4222,0.67,N,N,1.5,2.5,1,4,13.547564,13.547564,NA,NA,NA,NA,NA,NA,NA,NA,NA,NA,NA,NA,NA,NA,NA,NA,NA,NA,NA,NA,NA,NA,NA,NA,NA,NA,NA,NA,NA,NA,NA,NA,NA,NA,NA,NA,NA,NA,NA,NA,NA,NA,NA,NA,NA,NA,NA,NA,NA,NA,NA,NA,NA,NA,NA,NA,NA,NA,NA,NA,NA,NA,NA,NA,NA,NA,NA,NA,NA,NA,NA,NA,NA,NA,NA,NA,NA,NA,NA,NA,NA,NA,NA,NA,NA,NA,NA,NA,NA,NA,NA
500,Crataegus,spp.,NA,Rosaceae,2727,0.58,N,N,1.67,3.9,1.52,4,13.609626,13.609626,NA,NA,NA,NA,NA,NA,NA,NA,NA,NA,NA,NA,NA,NA,NA,NA,NA,NA,NA,NA,NA,NA,NA,NA,NA,NA,NA,NA,NA,NA,NA,NA,NA,NA,NA,NA,NA,NA,NA,NA,NA,NA,NA,NA,NA,NA,NA,NA,NA,NA,NA,NA,NA,NA,NA,NA,NA,NA,NA,NA,NA,NA,NA,NA,NA,NA,NA,NA,NA,NA,NA,NA,NA,NA,NA,NA,NA,NA,NA,NA,NA,NA,NA,NA,NA,NA,NA,NA,NA,NA,NA
999,Tree,unknown,NA,NA,51,0.58,N,N,3,2.76,1.91,4,19.054837,19.054837,NA,NA,NA,NA,NA,NA,NA,NA,NA,NA,NA,NA,NA,NA,NA,NA,NA,NA,NA,NA,NA,NA,NA,NA,NA,NA,NA,NA,NA,NA,NA,NA,NA,NA,NA,NA,NA,NA,NA,NA,NA,NA,NA,NA,NA,NA,NA,NA,NA,NA,NA,NA,NA,NA,NA,NA,NA,NA,NA,NA,NA,NA,NA,NA,NA,NA,NA,NA,NA,NA,NA,NA,NA,NA,NA,NA,NA,NA,NA,NA,NA,NA,NA,NA,NA,NA,NA,NA,NA,NA,NA
57,Juniperus,spp.,NA,Cupressaceae,10,0.47,Y,Y,1.28,4.65,1.19,4,20.738541,20.738541,NA,NA,NA,NA,NA,NA,NA,NA,NA,NA,NA,NA,NA,NA,NA,NA,NA,NA,NA,NA,NA,NA,NA,NA,NA,NA,NA,NA,NA,NA,NA,NA,NA,NA,NA,NA,NA,NA,NA,NA,NA,NA,NA,NA,NA,NA,NA,NA,NA,NA,NA,NA,NA,NA,NA,NA,NA,NA,NA,NA,NA,NA,NA,NA,NA,NA,NA,NA,NA,NA,NA,NA,NA,NA,NA,NA,NA,NA,NA,NA,NA,NA,NA,NA,NA,NA,NA,NA,NA,NA,NA
680,Morus,spp.,NA,Moraceae,4,0.58,N,N,1.85,2.88,1.42,4,22.053807,22.053807,NA,NA,NA,NA,NA,NA,NA,NA,NA,NA,NA,NA,NA,NA,NA,NA,NA,NA,NA,NA,NA,NA,NA,NA,NA,NA,NA,NA,NA,NA,NA,NA,NA,NA,NA,NA,NA,NA,NA,NA,NA,NA,NA,NA,NA,NA,NA,NA,NA,NA,NA,NA,NA,NA,NA,NA,NA,NA,NA,NA,NA,NA,NA,NA,NA,NA,NA,NA,NA,NA,NA,NA,NA,NA,NA,NA,NA,NA,NA,NA,NA,NA,NA,NA,NA,NA,NA,NA,NA,NA,NA
934,Sorbus,spp.,NA,Rosaceae,22,0.58,N,N,2.77,1.94,1.52,4,23.070968,23.070968,NA,NA,NA,NA,NA,NA,NA,NA,NA,NA,NA,NA,NA,NA,NA,NA,NA,NA,NA,NA,NA,NA,NA,NA,NA,NA,NA,NA,NA,NA,NA,NA,NA,NA,NA,NA,NA,NA,NA,NA,NA,NA,NA,NA,NA,NA,NA,NA,NA,NA,NA,NA,NA,NA,NA,NA,NA,NA,NA,NA,NA,NA,NA,NA,NA,NA,NA,NA,NA,NA,NA,NA,NA,NA,NA,NA,NA,NA,NA,NA,NA,NA,NA,NA,NA,NA,NA,NA,NA,NA,NA
920,Salix,spp.,NA,Salicaceae,213,0.39,N,N,1.5,1.64,3.8,4,25.358497,25.358497,NA,NA,NA,NA,NA,NA,NA,NA,NA,NA,NA,NA,NA,NA,NA,NA,NA,NA,NA,NA,NA,NA,NA,NA,NA,NA,NA,NA,NA,NA,NA,NA,NA,NA,NA,NA,NA,NA,NA,NA,NA,NA,NA,NA,NA,NA,NA,NA,NA,NA,NA,NA,NA,NA,NA,NA,NA,NA,NA,NA,NA,NA,NA,NA,NA,NA,NA,NA,NA,NA,NA,NA,NA,NA,NA,NA,NA,NA,NA,NA,NA,NA,NA,NA,NA,NA,NA,NA,NA,NA,NA
330,Aesculus,spp.,NA,Hippocastanaceae,2,0.33,N,N,4,2,2,4,NA,24.341736,NA,NA,NA,NA,NA,NA,NA,NA,NA,NA,NA,NA,NA,NA,NA,NA,NA,NA,NA,NA,NA,NA,NA,NA,NA,NA,NA,NA,NA,NA,NA,NA,NA,NA,NA,NA,NA,NA,NA,NA,NA,NA,NA,NA,NA,NA,NA,NA,NA,NA,NA,NA,NA,NA,NA,NA,NA,NA,NA,NA,NA,NA,NA,NA,NA,NA,NA,NA,NA,NA,NA,NA,NA,NA,NA,NA,NA,NA,NA,NA,NA,NA,NA,NA,NA,NA,NA,NA,NA,NA,NA
998,Tree,broadleaf,NA,NA,130,0.58,N,N,3,2.76,1.93,4,NA,24.341736,NA,NA,NA,NA,NA,NA,NA,NA,NA,NA,NA,NA,NA,NA,NA,NA,NA,NA,NA,NA,NA,NA,NA,NA,NA,NA,NA,NA,NA,NA,NA,NA,NA,NA,NA,NA,NA,NA,NA,NA,NA,NA,NA,NA,NA,NA,NA,NA,NA,NA,NA,NA,NA,NA,NA,NA,NA,NA,NA,NA,NA,NA,NA,NA,NA,NA,NA,NA,NA,NA,NA,NA,NA,NA,NA,NA,NA,NA,NA,NA,NA,NA,NA,NA,NA,NA,NA,NA,NA,NA,NA
299,Tree,evergreen,NA,NA,16,0.44,Y,Y,3,2.76,1.83,4,NA,25.44617,NA,NA,NA,NA,NA,NA,NA,NA,NA,NA,NA,NA,NA,NA,NA,NA,NA,NA,NA,NA,NA,NA,NA,NA,NA,NA,NA,NA,NA,NA,NA,NA,NA,NA,NA,NA,NA,NA,NA,NA,NA,NA,NA,NA,NA,NA,NA,NA,NA,NA,NA,NA,NA,NA,NA,NA,NA,NA,NA,NA,NA,NA,NA,NA,NA,NA,NA,NA,NA,NA,NA,NA,NA,NA,NA,NA,NA,NA,NA,NA,NA,NA,NA,NA,NA,NA,NA,NA,NA,NA,NA
